Automatizacion,cantidad_ejecuciones,duracion_promedio_seg,duracion_mediana_seg,duracion_maxima_seg,transacciones_promedio,transacciones_totales
Correcciones vacunacion,40,30841.375,29149.0,84341.0,22276.85,891074
GestorRemitidos,1707,26840.97949619215,28019.0,84772.0,984.9712946690099,1681346
RPA_Certificados_Empleo,48,14817.791666666666,9624.5,51925.0,1005.9791666666666,48287
Aportes Fuera de PILA,598,9957.785953177257,6981.0,73796.0,219.3628762541806,131179
ProgramadorCitas- Ginecologia,845,7338.007100591716,8257.0,18035.0,63.50414201183432,53661
Convocatorias Atom,1021,7190.334965719882,7235.0,12982.0,1.0,1021
RIPS Entes,66,7092.045454545455,6697.5,18870.0,1.106060606060606,73
Pagos Facturacion y Libranza,940,6321.987234042554,5116.5,72310.0,145.50106382978723,136771
AtomHojaVida,1590,5552.201886792453,3663.5,56166.0,427.862893081761,680302
Aprendizajes Esenciales Q10,19,5528.421052631579,3147.0,57309.0,223.89473684210526,4254
Parametricas Uno,62,5329.451612903225,5436.0,13875.0,53.46774193548387,3315
RIPS Sura,85,5170.976470588235,4395.0,15991.0,1.0823529411764705,92
RPA Consulta SIMAT,13,5144.0,3663.0,10828.0,909.6923076923077,11826
ProgramadorCitas- Pediatria,763,4760.528178243774,4070.0,12193.0,35.32372214941022,26952
SubsidiosEmpleo,37,4688.189189189189,5122.0,11882.0,1.0,37
Aportes Novedades PILA R6,553,4679.4141048824595,3755.0,23726.0,106.40506329113924,58842
FlujoDeLiberaciones_V3,1433,3600.0,3600.0,3600.0,1.0,1433
Diagnostico Bienestar Informe Avances,24,3100.4166666666665,1953.0,19857.0,27.333333333333332,656
Anulacion Matriculas,94,3042.2978723404253,2442.5,15212.0,129.40425531914894,12164
Facturación Electrónica,2074,2200.907425265188,1415.5,22261.0,58.86354869816779,122083
Vacunacion tradicional APIS,3484,2075.686567164179,2117.0,23200.0,160.2695177956372,558379
Novedades Nomina Instructores,550,1703.3581818181817,972.5,125424.0,169.44363636363636,93194
Vacunacion tradicional carga de información,2422,1622.7530966143684,470.0,36863.0,809.3905862923204,1960344
Anulacion matriculas,34,1609.9705882352941,720.0,12094.0,301.3529411764706,10246
Aportes Novedades PILA R5,853,1425.0867526377492,1237.0,16012.0,50.18640093786635,42809
RPA Estaticas SISE,11,1322.2727271818183,419.0,3203.0,1.0,11
Carga Masiva Trabajadores Dependientes,122,1297.5983606557377,804.0,20400.0,3.5491803278688523,433
Plan Operativo Q10,400,1268.51,937.0,4152.0,1.0,400
Informe y cruce primera infancia,25,1201.12,166.0,15374.0,21.96,549
Caja Menor,455,1200.0,1200.0,1200.0,1.0,455
Aplicacion pagos creditos,874,1153.9176201327232,764.5,13183.0,244.30320366132725,213521
RPA Novedades Nomina Instructores,883,1097.1936579660248,997.0,68152.0,5.620611551528879,4963
RIPS Extranjeros,54,1086.0,89.0,31519.0,1.1296296296296295,61
Informe Cubo de Ventas,850,1085.05058822,811.5,9662.0,1.0,850
Plan Operativo Q10 - Preescolar,231,1078.939393939394,951.0,2807.0,1.0,231
Atom,1966,1053.3382502543236,900.0,47707.0,1.0,1966
Aseguramiento venta empresarial,4517,1016.383218950631,844.0,12847.0,8.313703785698472,37553
Generador informe,5,980.4,0.0,4902.0,1.0,5
Aula digital,20,938.25,672.5,6699.0,5.6,112
Legalizaciones Gastos Viajes,32,905.21875,494.0,4496.0,4.28125,137
RPA_AfiliacionesEmpleadores,102,900.0,900.0,900.0,1.0,102
RPA_AfiliacionesTrabajadores,66,900.0,900.0,900.0,1.0,66
RPA_ClasificacionPQRS_Clasificador,637,852.1648351632653,900.0,3600.0,160.91679748822605,102504
GestorVinculados,412,838.6699029126214,634.5,9684.0,15.145631067961165,6240
RPA_Remesadora,940,820.547872319149,791.5,12661.0,1.0,940
RPASubvencionesFacturador,596,787.1442952869128,310.0,12911.0,2.458053691275168,1465
Vacunacion tradicional Extraccion De Lotes,917,777.5605234460196,900.0,13126.0,1.0,917
Tawk To,646,747.4164086687307,711.5,3551.0,1.0,646
Aportes Novedades PILA R4,983,733.2573753814853,621.0,8337.0,1.0,983
RIPS Covid,236,700.6398305084746,74.0,57600.0,1.13135593220339,267
Informe Covid,137,644.3357664233577,119.0,22032.0,19.21897810218978,2633
Aportes Novedades PILA R1,999,618.5575575575575,429.0,15473.0,1.026026026026026,1025
Facturas pendientes por liberar,252,521.5912698214286,223.5,49352.0,1.0,252
Aportes Novedades PILA R3,972,496.0102880658436,420.5,10985.0,1.0,972
Vacunacion tradicional Validacion Contrasenias,1165,487.74763948497855,299.0,4505.0,308.2669527896996,359131
ContingenciaPlanNacional,233,408.45064377682405,81.0,32977.0,1504.7038626609442,350596
Extractor_AgendamientoAutomatico,560,363.65,197.0,22019.0,1.0,560
Diagnostico Bienestar,38,361.13157894736844,185.5,2813.0,2.1315789473684212,81
Transmitir Facturas,780,358.8910256256411,360.0,1817.0,97.87307692307692,76341
Sincronizacion Novedades Nomina Instructores,653,348.6707503828484,126.0,16027.0,1.0,653
Aportes Novedades PILA R2,911,323.225027442371,278.0,3657.0,2.500548847420417,2278
RPASubvencionesExtractor,756,292.320105797619,310.5,1109.0,84.12698412698413,63600
Base Detallada,67,284.4179104477612,245.0,771.0,1.0,67
CorreccionesPNV,65,259.46153846153845,38.0,4428.0,5161.553846153846,335501
Adelantos Gastos de Viajes,5,235.8,163.0,519.0,1.8,9
ReporteVacunasAndi,55,232.07272727272726,127.0,1767.0,6.581818181818182,362
Vacunacion tradicional Extraccion de información vacunet,339,223.06784660766962,46.0,1766.0,1.0,339
Carga masiva trabajadores dependientes,178,202.35955056179776,30.0,3550.0,2.044943820224719,364
RPA Actualizacion Moneda Internacional,595,169.1008403092437,196.0,652.0,1.0,595
RPA_ReporteGIASS,257,167.03112840466926,106.0,1244.0,1.0,257
Aseguramiento venta empresarial - Transcriptor,3672,118.48093681917211,49.0,15549.0,119.13126361655773,437450
ContingenciaVacunacionPrivados,34,107.79411764705883,23.0,1171.0,328.3235294117647,11163
Anticipos Gastos de Viajes Nacionales y Regionales,67,105.29850741791044,81.0,371.0,1.6865671641791045,113
RPA Actualizacion TRM,970,72.54845358350516,72.0,205.0,1.0,970
Comfama PRO Altas Ubits,441,67.98412698412699,70.0,1994.0,1.0,441
Servicios en linea,5932,59.49426837491571,60.0,60.0,1.3654753877275791,8100
RPA Informe Posiciones,31,13.193548387096774,10.0,60.0,2.2580645161290325,70
RPAinformeUIAF,1,5.0,5.0,5.0,1.0,1
RPAInformeUIAF,70,5.0,5.0,5.0,1.0,70
IA_Novedades_Nomina,1514,0.0,0.0,0.0,9.596433289299869,14529
RPACambioEstrategia,45,0.0,0.0,0.0,7128.044444444445,320762
RPA_Eventtia,500,0.0,0.0,0.0,1.0,500
Performer_Validacion_Empresas,13444,,,,1.0,13444
RPA_Validacion_Automatica_Documentos,547802,,,,1.0,547802
